sheet,points,geotiff,annotation_file,iiif_manifest,overview,native
TITLE,,,,https://gallica.bnf.fr/iiif/ark:/12148/btv1b53243704g/canvas/f1,https://gallica.bnf.fr/ark:/12148/btv1b53243704g/f1.thumbnail,https://gallica.bnf.fr/iiif/ark:/12148/btv1b53243704g/f1/full/full/0/native.jpg
TA,,,,https://gallica.bnf.fr/iiif/ark:/12148/btv1b53243704g/canvas/f2,https://gallica.bnf.fr/ark:/12148/btv1b53243704g/f2.thumbnail,https://gallica.bnf.fr/iiif/ark:/12148/btv1b53243704g/f2/full/full/0/native.jpg
1,https://dataverse.harvard.edu/api/access/datafile/7002512,https://dataverse.harvard.edu/api/access/datafile/7002793,https://dataverse.harvard.edu/api/access/datafile/7002806,https://gallica.bnf.fr/iiif/ark:/12148/btv1b53243704g/canvas/f3,https://gallica.bnf.fr/ark:/12148/btv1b53243704g/f3.thumbnail,https://gallica.bnf.fr/iiif/ark:/12148/btv1b53243704g/f3/full/full/0/native.jpg
2,https://dataverse.harvard.edu/api/access/datafile/7002761,https://dataverse.harvard.edu/api/access/datafile/7002552,https://dataverse.harvard.edu/api/access/datafile/7002740,https://gallica.bnf.fr/iiif/ark:/12148/btv1b53243704g/canvas/f4,https://gallica.bnf.fr/ark:/12148/btv1b53243704g/f4.thumbnail,https://gallica.bnf.fr/iiif/ark:/12148/btv1b53243704g/f4/full/full/0/native.jpg
3,https://dataverse.harvard.edu/api/access/datafile/7002687,https://dataverse.harvard.edu/api/access/datafile/7002523,https://dataverse.harvard.edu/api/access/datafile/7002461,https://gallica.bnf.fr/iiif/ark:/12148/btv1b53243704g/canvas/f5,https://gallica.bnf.fr/ark:/12148/btv1b53243704g/f5.thumbnail,https://gallica.bnf.fr/iiif/ark:/12148/btv1b53243704g/f5/full/full/0/native.jpg
4,https://dataverse.harvard.edu/api/access/datafile/7002878,https://dataverse.harvard.edu/api/access/datafile/7002630,https://dataverse.harvard.edu/api/access/datafile/7002551,https://gallica.bnf.fr/iiif/ark:/12148/btv1b53243704g/canvas/f6,https://gallica.bnf.fr/ark:/12148/btv1b53243704g/f6.thumbnail,https://gallica.bnf.fr/iiif/ark:/12148/btv1b53243704g/f6/full/full/0/native.jpg
5,https://dataverse.harvard.edu/api/access/datafile/7002748,https://dataverse.harvard.edu/api/access/datafile/7002583,https://dataverse.harvard.edu/api/access/datafile/7002785,https://gallica.bnf.fr/iiif/ark:/12148/btv1b53243704g/canvas/f7,https://gallica.bnf.fr/ark:/12148/btv1b53243704g/f7.thumbnail,https://gallica.bnf.fr/iiif/ark:/12148/btv1b53243704g/f7/full/full/0/native.jpg
6,https://dataverse.harvard.edu/api/access/datafile/7002509,https://dataverse.harvard.edu/api/access/datafile/7002755,https://dataverse.harvard.edu/api/access/datafile/7002744,https://gallica.bnf.fr/iiif/ark:/12148/btv1b53243704g/canvas/f8,https://gallica.bnf.fr/ark:/12148/btv1b53243704g/f8.thumbnail,https://gallica.bnf.fr/iiif/ark:/12148/btv1b53243704g/f8/full/full/0/native.jpg
7,https://dataverse.harvard.edu/api/access/datafile/7002773,https://dataverse.harvard.edu/api/access/datafile/7002584,https://dataverse.harvard.edu/api/access/datafile/7002771,https://gallica.bnf.fr/iiif/ark:/12148/btv1b53243704g/canvas/f9,https://gallica.bnf.fr/ark:/12148/btv1b53243704g/f9.thumbnail,https://gallica.bnf.fr/iiif/ark:/12148/btv1b53243704g/f9/full/full/0/native.jpg
8,https://dataverse.harvard.edu/api/access/datafile/7002819,https://dataverse.harvard.edu/api/access/datafile/7002467,https://dataverse.harvard.edu/api/access/datafile/7002732,https://gallica.bnf.fr/iiif/ark:/12148/btv1b53243704g/canvas/f10,https://gallica.bnf.fr/ark:/12148/btv1b53243704g/f10.thumbnail,https://gallica.bnf.fr/iiif/ark:/12148/btv1b53243704g/f10/full/full/0/native.jpg
9,https://dataverse.harvard.edu/api/access/datafile/7002500,https://dataverse.harvard.edu/api/access/datafile/7002672,https://dataverse.harvard.edu/api/access/datafile/7002547,https://gallica.bnf.fr/iiif/ark:/12148/btv1b53243704g/canvas/f11,https://gallica.bnf.fr/ark:/12148/btv1b53243704g/f11.thumbnail,https://gallica.bnf.fr/iiif/ark:/12148/btv1b53243704g/f11/full/full/0/native.jpg
10,https://dataverse.harvard.edu/api/access/datafile/7002548,https://dataverse.harvard.edu/api/access/datafile/7002573,https://dataverse.harvard.edu/api/access/datafile/7002471,https://gallica.bnf.fr/iiif/ark:/12148/btv1b53243704g/canvas/f12,https://gallica.bnf.fr/ark:/12148/btv1b53243704g/f12.thumbnail,https://gallica.bnf.fr/iiif/ark:/12148/btv1b53243704g/f12/full/full/0/native.jpg
11,https://dataverse.harvard.edu/api/access/datafile/7002726,https://dataverse.harvard.edu/api/access/datafile/7002463,https://dataverse.harvard.edu/api/access/datafile/7002674,https://gallica.bnf.fr/iiif/ark:/12148/btv1b53243704g/canvas/f13,https://gallica.bnf.fr/ark:/12148/btv1b53243704g/f13.thumbnail,https://gallica.bnf.fr/iiif/ark:/12148/btv1b53243704g/f13/full/full/0/native.jpg
12,https://dataverse.harvard.edu/api/access/datafile/7002581,https://dataverse.harvard.edu/api/access/datafile/7002873,https://dataverse.harvard.edu/api/access/datafile/7002747,https://gallica.bnf.fr/iiif/ark:/12148/btv1b53243704g/canvas/f14,https://gallica.bnf.fr/ark:/12148/btv1b53243704g/f14.thumbnail,https://gallica.bnf.fr/iiif/ark:/12148/btv1b53243704g/f14/full/full/0/native.jpg
13,https://dataverse.harvard.edu/api/access/datafile/7002689,https://dataverse.harvard.edu/api/access/datafile/7002567,https://dataverse.harvard.edu/api/access/datafile/7002469,https://gallica.bnf.fr/iiif/ark:/12148/btv1b53243704g/canvas/f15,https://gallica.bnf.fr/ark:/12148/btv1b53243704g/f15.thumbnail,https://gallica.bnf.fr/iiif/ark:/12148/btv1b53243704g/f15/full/full/0/native.jpg
14,https://dataverse.harvard.edu/api/access/datafile/7002628,https://dataverse.harvard.edu/api/access/datafile/7002640,https://dataverse.harvard.edu/api/access/datafile/7002750,https://gallica.bnf.fr/iiif/ark:/12148/btv1b53243704g/canvas/f16,https://gallica.bnf.fr/ark:/12148/btv1b53243704g/f16.thumbnail,https://gallica.bnf.fr/iiif/ark:/12148/btv1b53243704g/f16/full/full/0/native.jpg
15,https://dataverse.harvard.edu/api/access/datafile/7002780,https://dataverse.harvard.edu/api/access/datafile/7002767,https://dataverse.harvard.edu/api/access/datafile/7002458,https://gallica.bnf.fr/iiif/ark:/12148/btv1b53243704g/canvas/f17,https://gallica.bnf.fr/ark:/12148/btv1b53243704g/f17.thumbnail,https://gallica.bnf.fr/iiif/ark:/12148/btv1b53243704g/f17/full/full/0/native.jpg
16,https://dataverse.harvard.edu/api/access/datafile/7002737,https://dataverse.harvard.edu/api/access/datafile/7002877,https://dataverse.harvard.edu/api/access/datafile/7002491,https://gallica.bnf.fr/iiif/ark:/12148/btv1b53243704g/canvas/f18,https://gallica.bnf.fr/ark:/12148/btv1b53243704g/f18.thumbnail,https://gallica.bnf.fr/iiif/ark:/12148/btv1b53243704g/f18/full/full/0/native.jpg
17,https://dataverse.harvard.edu/api/access/datafile/7002701,https://dataverse.harvard.edu/api/access/datafile/7002688,https://dataverse.harvard.edu/api/access/datafile/7002480,https://gallica.bnf.fr/iiif/ark:/12148/btv1b53243704g/canvas/f19,https://gallica.bnf.fr/ark:/12148/btv1b53243704g/f19.thumbnail,https://gallica.bnf.fr/iiif/ark:/12148/btv1b53243704g/f19/full/full/0/native.jpg
18,https://dataverse.harvard.edu/api/access/datafile/7002651,https://dataverse.harvard.edu/api/access/datafile/7002550,https://dataverse.harvard.edu/api/access/datafile/7002629,https://gallica.bnf.fr/iiif/ark:/12148/btv1b53243704g/canvas/f20,https://gallica.bnf.fr/ark:/12148/btv1b53243704g/f20.thumbnail,https://gallica.bnf.fr/iiif/ark:/12148/btv1b53243704g/f20/full/full/0/native.jpg
19,https://dataverse.harvard.edu/api/access/datafile/7002493,https://dataverse.harvard.edu/api/access/datafile/7002887,https://dataverse.harvard.edu/api/access/datafile/7002622,https://gallica.bnf.fr/iiif/ark:/12148/btv1b53243704g/canvas/f21,https://gallica.bnf.fr/ark:/12148/btv1b53243704g/f21.thumbnail,https://gallica.bnf.fr/iiif/ark:/12148/btv1b53243704g/f21/full/full/0/native.jpg
20,https://dataverse.harvard.edu/api/access/datafile/7002779,https://dataverse.harvard.edu/api/access/datafile/7002679,https://dataverse.harvard.edu/api/access/datafile/7002643,https://gallica.bnf.fr/iiif/ark:/12148/btv1b53243704g/canvas/f22,https://gallica.bnf.fr/ark:/12148/btv1b53243704g/f22.thumbnail,https://gallica.bnf.fr/iiif/ark:/12148/btv1b53243704g/f22/full/full/0/native.jpg
21,https://dataverse.harvard.edu/api/access/datafile/7002742,https://dataverse.harvard.edu/api/access/datafile/7002787,https://dataverse.harvard.edu/api/access/datafile/7002822,https://gallica.bnf.fr/iiif/ark:/12148/btv1b53243704g/canvas/f23,https://gallica.bnf.fr/ark:/12148/btv1b53243704g/f23.thumbnail,https://gallica.bnf.fr/iiif/ark:/12148/btv1b53243704g/f23/full/full/0/native.jpg
22,https://dataverse.harvard.edu/api/access/datafile/7002544,https://dataverse.harvard.edu/api/access/datafile/7002884,https://dataverse.harvard.edu/api/access/datafile/7002631,https://gallica.bnf.fr/iiif/ark:/12148/btv1b53243704g/canvas/f24,https://gallica.bnf.fr/ark:/12148/btv1b53243704g/f24.thumbnail,https://gallica.bnf.fr/iiif/ark:/12148/btv1b53243704g/f24/full/full/0/native.jpg
23,https://dataverse.harvard.edu/api/access/datafile/7002867,https://dataverse.harvard.edu/api/access/datafile/7002874,https://dataverse.harvard.edu/api/access/datafile/7002654,https://gallica.bnf.fr/iiif/ark:/12148/btv1b53243704g/canvas/f25,https://gallica.bnf.fr/ark:/12148/btv1b53243704g/f25.thumbnail,https://gallica.bnf.fr/iiif/ark:/12148/btv1b53243704g/f25/full/full/0/native.jpg
24,https://dataverse.harvard.edu/api/access/datafile/7002840,https://dataverse.harvard.edu/api/access/datafile/7002778,https://dataverse.harvard.edu/api/access/datafile/7002784,https://gallica.bnf.fr/iiif/ark:/12148/btv1b53243704g/canvas/f26,https://gallica.bnf.fr/ark:/12148/btv1b53243704g/f26.thumbnail,https://gallica.bnf.fr/iiif/ark:/12148/btv1b53243704g/f26/full/full/0/native.jpg
25,https://dataverse.harvard.edu/api/access/datafile/7002462,https://dataverse.harvard.edu/api/access/datafile/7002786,https://dataverse.harvard.edu/api/access/datafile/7002791,https://gallica.bnf.fr/iiif/ark:/12148/btv1b53243704g/canvas/f27,https://gallica.bnf.fr/ark:/12148/btv1b53243704g/f27.thumbnail,https://gallica.bnf.fr/iiif/ark:/12148/btv1b53243704g/f27/full/full/0/native.jpg
26,https://dataverse.harvard.edu/api/access/datafile/7002549,https://dataverse.harvard.edu/api/access/datafile/7002677,https://dataverse.harvard.edu/api/access/datafile/7002673,https://gallica.bnf.fr/iiif/ark:/12148/btv1b53243704g/canvas/f28,https://gallica.bnf.fr/ark:/12148/btv1b53243704g/f28.thumbnail,https://gallica.bnf.fr/iiif/ark:/12148/btv1b53243704g/f28/full/full/0/native.jpg
27,https://dataverse.harvard.edu/api/access/datafile/7002788,https://dataverse.harvard.edu/api/access/datafile/7002657,https://dataverse.harvard.edu/api/access/datafile/7002600,https://gallica.bnf.fr/iiif/ark:/12148/btv1b53243704g/canvas/f29,https://gallica.bnf.fr/ark:/12148/btv1b53243704g/f29.thumbnail,https://gallica.bnf.fr/iiif/ark:/12148/btv1b53243704g/f29/full/full/0/native.jpg
28,https://dataverse.harvard.edu/api/access/datafile/7002886,https://dataverse.harvard.edu/api/access/datafile/7002736,https://dataverse.harvard.edu/api/access/datafile/7002598,https://gallica.bnf.fr/iiif/ark:/12148/btv1b53243704g/canvas/f30,https://gallica.bnf.fr/ark:/12148/btv1b53243704g/f30.thumbnail,https://gallica.bnf.fr/iiif/ark:/12148/btv1b53243704g/f30/full/full/0/native.jpg
29,https://dataverse.harvard.edu/api/access/datafile/7002849,https://dataverse.harvard.edu/api/access/datafile/7002642,https://dataverse.harvard.edu/api/access/datafile/7002774,https://gallica.bnf.fr/iiif/ark:/12148/btv1b53243704g/canvas/f31,https://gallica.bnf.fr/ark:/12148/btv1b53243704g/f31.thumbnail,https://gallica.bnf.fr/iiif/ark:/12148/btv1b53243704g/f31/full/full/0/native.jpg
30,https://dataverse.harvard.edu/api/access/datafile/7002515,https://dataverse.harvard.edu/api/access/datafile/7002685,https://dataverse.harvard.edu/api/access/datafile/7002580,https://gallica.bnf.fr/iiif/ark:/12148/btv1b53243704g/canvas/f32,https://gallica.bnf.fr/ark:/12148/btv1b53243704g/f32.thumbnail,https://gallica.bnf.fr/iiif/ark:/12148/btv1b53243704g/f32/full/full/0/native.jpg
31,https://dataverse.harvard.edu/api/access/datafile/7002790,https://dataverse.harvard.edu/api/access/datafile/7002563,https://dataverse.harvard.edu/api/access/datafile/7002728,https://gallica.bnf.fr/iiif/ark:/12148/btv1b53243704g/canvas/f33,https://gallica.bnf.fr/ark:/12148/btv1b53243704g/f33.thumbnail,https://gallica.bnf.fr/iiif/ark:/12148/btv1b53243704g/f33/full/full/0/native.jpg
32,https://dataverse.harvard.edu/api/access/datafile/7002868,https://dataverse.harvard.edu/api/access/datafile/7002845,https://dataverse.harvard.edu/api/access/datafile/7002466,https://gallica.bnf.fr/iiif/ark:/12148/btv1b53243704g/canvas/f34,https://gallica.bnf.fr/ark:/12148/btv1b53243704g/f34.thumbnail,https://gallica.bnf.fr/iiif/ark:/12148/btv1b53243704g/f34/full/full/0/native.jpg
33,https://dataverse.harvard.edu/api/access/datafile/7002570,https://dataverse.harvard.edu/api/access/datafile/7002801,https://dataverse.harvard.edu/api/access/datafile/7002731,https://gallica.bnf.fr/iiif/ark:/12148/btv1b53243704g/canvas/f35,https://gallica.bnf.fr/ark:/12148/btv1b53243704g/f35.thumbnail,https://gallica.bnf.fr/iiif/ark:/12148/btv1b53243704g/f35/full/full/0/native.jpg
34,https://dataverse.harvard.edu/api/access/datafile/7002647,https://dataverse.harvard.edu/api/access/datafile/7002635,https://dataverse.harvard.edu/api/access/datafile/7002553,https://gallica.bnf.fr/iiif/ark:/12148/btv1b53243704g/canvas/f36,https://gallica.bnf.fr/ark:/12148/btv1b53243704g/f36.thumbnail,https://gallica.bnf.fr/iiif/ark:/12148/btv1b53243704g/f36/full/full/0/native.jpg
35,https://dataverse.harvard.edu/api/access/datafile/7002666,https://dataverse.harvard.edu/api/access/datafile/7002823,https://dataverse.harvard.edu/api/access/datafile/7002763,https://gallica.bnf.fr/iiif/ark:/12148/btv1b53243704g/canvas/f37,https://gallica.bnf.fr/ark:/12148/btv1b53243704g/f37.thumbnail,https://gallica.bnf.fr/iiif/ark:/12148/btv1b53243704g/f37/full/full/0/native.jpg
36,https://dataverse.harvard.edu/api/access/datafile/7002875,https://dataverse.harvard.edu/api/access/datafile/7002538,https://dataverse.harvard.edu/api/access/datafile/7002664,https://gallica.bnf.fr/iiif/ark:/12148/btv1b53243704g/canvas/f38,https://gallica.bnf.fr/ark:/12148/btv1b53243704g/f38.thumbnail,https://gallica.bnf.fr/iiif/ark:/12148/btv1b53243704g/f38/full/full/0/native.jpg
37,https://dataverse.harvard.edu/api/access/datafile/7002722,https://dataverse.harvard.edu/api/access/datafile/7002485,https://dataverse.harvard.edu/api/access/datafile/7002808,https://gallica.bnf.fr/iiif/ark:/12148/btv1b53243704g/canvas/f39,https://gallica.bnf.fr/ark:/12148/btv1b53243704g/f39.thumbnail,https://gallica.bnf.fr/iiif/ark:/12148/btv1b53243704g/f39/full/full/0/native.jpg
38,https://dataverse.harvard.edu/api/access/datafile/7002586,https://dataverse.harvard.edu/api/access/datafile/7002802,https://dataverse.harvard.edu/api/access/datafile/7002824,https://gallica.bnf.fr/iiif/ark:/12148/btv1b53243704g/canvas/f40,https://gallica.bnf.fr/ark:/12148/btv1b53243704g/f40.thumbnail,https://gallica.bnf.fr/iiif/ark:/12148/btv1b53243704g/f40/full/full/0/native.jpg
39,https://dataverse.harvard.edu/api/access/datafile/7002852,https://dataverse.harvard.edu/api/access/datafile/7002850,https://dataverse.harvard.edu/api/access/datafile/7002534,https://gallica.bnf.fr/iiif/ark:/12148/btv1b53243704g/canvas/f41,https://gallica.bnf.fr/ark:/12148/btv1b53243704g/f41.thumbnail,https://gallica.bnf.fr/iiif/ark:/12148/btv1b53243704g/f41/full/full/0/native.jpg
40,https://dataverse.harvard.edu/api/access/datafile/7002579,https://dataverse.harvard.edu/api/access/datafile/7002592,https://dataverse.harvard.edu/api/access/datafile/7002612,https://gallica.bnf.fr/iiif/ark:/12148/btv1b53243704g/canvas/f42,https://gallica.bnf.fr/ark:/12148/btv1b53243704g/f42.thumbnail,https://gallica.bnf.fr/iiif/ark:/12148/btv1b53243704g/f42/full/full/0/native.jpg
41,https://dataverse.harvard.edu/api/access/datafile/7002810,https://dataverse.harvard.edu/api/access/datafile/7002699,https://dataverse.harvard.edu/api/access/datafile/7002511,https://gallica.bnf.fr/iiif/ark:/12148/btv1b53243704g/canvas/f43,https://gallica.bnf.fr/ark:/12148/btv1b53243704g/f43.thumbnail,https://gallica.bnf.fr/iiif/ark:/12148/btv1b53243704g/f43/full/full/0/native.jpg
42,https://dataverse.harvard.edu/api/access/datafile/7002528,https://dataverse.harvard.edu/api/access/datafile/7002569,https://dataverse.harvard.edu/api/access/datafile/7002670,https://gallica.bnf.fr/iiif/ark:/12148/btv1b53243704g/canvas/f44,https://gallica.bnf.fr/ark:/12148/btv1b53243704g/f44.thumbnail,https://gallica.bnf.fr/iiif/ark:/12148/btv1b53243704g/f44/full/full/0/native.jpg
43,https://dataverse.harvard.edu/api/access/datafile/7002847,https://dataverse.harvard.edu/api/access/datafile/7002805,https://dataverse.harvard.edu/api/access/datafile/7002811,https://gallica.bnf.fr/iiif/ark:/12148/btv1b53243704g/canvas/f45,https://gallica.bnf.fr/ark:/12148/btv1b53243704g/f45.thumbnail,https://gallica.bnf.fr/iiif/ark:/12148/btv1b53243704g/f45/full/full/0/native.jpg
44,https://dataverse.harvard.edu/api/access/datafile/7002837,https://dataverse.harvard.edu/api/access/datafile/7002478,https://dataverse.harvard.edu/api/access/datafile/7002723,https://gallica.bnf.fr/iiif/ark:/12148/btv1b53243704g/canvas/f46,https://gallica.bnf.fr/ark:/12148/btv1b53243704g/f46.thumbnail,https://gallica.bnf.fr/iiif/ark:/12148/btv1b53243704g/f46/full/full/0/native.jpg
45,https://dataverse.harvard.edu/api/access/datafile/7002883,https://dataverse.harvard.edu/api/access/datafile/7002613,https://dataverse.harvard.edu/api/access/datafile/7002888,https://gallica.bnf.fr/iiif/ark:/12148/btv1b53243704g/canvas/f47,https://gallica.bnf.fr/ark:/12148/btv1b53243704g/f47.thumbnail,https://gallica.bnf.fr/iiif/ark:/12148/btv1b53243704g/f47/full/full/0/native.jpg
46,https://dataverse.harvard.edu/api/access/datafile/7002611,https://dataverse.harvard.edu/api/access/datafile/7002865,https://dataverse.harvard.edu/api/access/datafile/7002851,https://gallica.bnf.fr/iiif/ark:/12148/btv1b53243704g/canvas/f48,https://gallica.bnf.fr/ark:/12148/btv1b53243704g/f48.thumbnail,https://gallica.bnf.fr/iiif/ark:/12148/btv1b53243704g/f48/full/full/0/native.jpg
47,https://dataverse.harvard.edu/api/access/datafile/7002532,https://dataverse.harvard.edu/api/access/datafile/7002474,https://dataverse.harvard.edu/api/access/datafile/7002546,https://gallica.bnf.fr/iiif/ark:/12148/btv1b53243704g/canvas/f49,https://gallica.bnf.fr/ark:/12148/btv1b53243704g/f49.thumbnail,https://gallica.bnf.fr/iiif/ark:/12148/btv1b53243704g/f49/full/full/0/native.jpg
48,https://dataverse.harvard.edu/api/access/datafile/7002530,https://dataverse.harvard.edu/api/access/datafile/7002703,https://dataverse.harvard.edu/api/access/datafile/7002757,https://gallica.bnf.fr/iiif/ark:/12148/btv1b53243704g/canvas/f50,https://gallica.bnf.fr/ark:/12148/btv1b53243704g/f50.thumbnail,https://gallica.bnf.fr/iiif/ark:/12148/btv1b53243704g/f50/full/full/0/native.jpg
49,https://dataverse.harvard.edu/api/access/datafile/7002508,https://dataverse.harvard.edu/api/access/datafile/7002792,https://dataverse.harvard.edu/api/access/datafile/7002693,https://gallica.bnf.fr/iiif/ark:/12148/btv1b53243704g/canvas/f51,https://gallica.bnf.fr/ark:/12148/btv1b53243704g/f51.thumbnail,https://gallica.bnf.fr/iiif/ark:/12148/btv1b53243704g/f51/full/full/0/native.jpg
50,https://dataverse.harvard.edu/api/access/datafile/7002659,https://dataverse.harvard.edu/api/access/datafile/7002762,https://dataverse.harvard.edu/api/access/datafile/7002879,https://gallica.bnf.fr/iiif/ark:/12148/btv1b53243704g/canvas/f52,https://gallica.bnf.fr/ark:/12148/btv1b53243704g/f52.thumbnail,https://gallica.bnf.fr/iiif/ark:/12148/btv1b53243704g/f52/full/full/0/native.jpg
51,https://dataverse.harvard.edu/api/access/datafile/7002610,https://dataverse.harvard.edu/api/access/datafile/7002593,https://dataverse.harvard.edu/api/access/datafile/7002813,https://gallica.bnf.fr/iiif/ark:/12148/btv1b53243704g/canvas/f53,https://gallica.bnf.fr/ark:/12148/btv1b53243704g/f53.thumbnail,https://gallica.bnf.fr/iiif/ark:/12148/btv1b53243704g/f53/full/full/0/native.jpg
52,https://dataverse.harvard.edu/api/access/datafile/7002676,https://dataverse.harvard.edu/api/access/datafile/7002841,https://dataverse.harvard.edu/api/access/datafile/7002501,https://gallica.bnf.fr/iiif/ark:/12148/btv1b53243704g/canvas/f54,https://gallica.bnf.fr/ark:/12148/btv1b53243704g/f54.thumbnail,https://gallica.bnf.fr/iiif/ark:/12148/btv1b53243704g/f54/full/full/0/native.jpg
53,https://dataverse.harvard.edu/api/access/datafile/7002574,https://dataverse.harvard.edu/api/access/datafile/7002599,https://dataverse.harvard.edu/api/access/datafile/7002601,https://gallica.bnf.fr/iiif/ark:/12148/btv1b53243704g/canvas/f55,https://gallica.bnf.fr/ark:/12148/btv1b53243704g/f55.thumbnail,https://gallica.bnf.fr/iiif/ark:/12148/btv1b53243704g/f55/full/full/0/native.jpg
54,https://dataverse.harvard.edu/api/access/datafile/7002517,https://dataverse.harvard.edu/api/access/datafile/7002482,https://dataverse.harvard.edu/api/access/datafile/7002809,https://gallica.bnf.fr/iiif/ark:/12148/btv1b53243704g/canvas/f56,https://gallica.bnf.fr/ark:/12148/btv1b53243704g/f56.thumbnail,https://gallica.bnf.fr/iiif/ark:/12148/btv1b53243704g/f56/full/full/0/native.jpg
55,https://dataverse.harvard.edu/api/access/datafile/7002753,https://dataverse.harvard.edu/api/access/datafile/7002835,https://dataverse.harvard.edu/api/access/datafile/7002658,https://gallica.bnf.fr/iiif/ark:/12148/btv1b53243704g/canvas/f57,https://gallica.bnf.fr/ark:/12148/btv1b53243704g/f57.thumbnail,https://gallica.bnf.fr/iiif/ark:/12148/btv1b53243704g/f57/full/full/0/native.jpg
56,https://dataverse.harvard.edu/api/access/datafile/7002565,https://dataverse.harvard.edu/api/access/datafile/7002578,https://dataverse.harvard.edu/api/access/datafile/7002608,https://gallica.bnf.fr/iiif/ark:/12148/btv1b53243704g/canvas/f58,https://gallica.bnf.fr/ark:/12148/btv1b53243704g/f58.thumbnail,https://gallica.bnf.fr/iiif/ark:/12148/btv1b53243704g/f58/full/full/0/native.jpg
57,https://dataverse.harvard.edu/api/access/datafile/7002488,https://dataverse.harvard.edu/api/access/datafile/7002616,https://dataverse.harvard.edu/api/access/datafile/7002816,https://gallica.bnf.fr/iiif/ark:/12148/btv1b53243704g/canvas/f59,https://gallica.bnf.fr/ark:/12148/btv1b53243704g/f59.thumbnail,https://gallica.bnf.fr/iiif/ark:/12148/btv1b53243704g/f59/full/full/0/native.jpg
58,https://dataverse.harvard.edu/api/access/datafile/7002504,https://dataverse.harvard.edu/api/access/datafile/7002800,https://dataverse.harvard.edu/api/access/datafile/7002702,https://gallica.bnf.fr/iiif/ark:/12148/btv1b53243704g/canvas/f60,https://gallica.bnf.fr/ark:/12148/btv1b53243704g/f60.thumbnail,https://gallica.bnf.fr/iiif/ark:/12148/btv1b53243704g/f60/full/full/0/native.jpg
59,https://dataverse.harvard.edu/api/access/datafile/7002858,https://dataverse.harvard.edu/api/access/datafile/7002735,https://dataverse.harvard.edu/api/access/datafile/7002821,https://gallica.bnf.fr/iiif/ark:/12148/btv1b53243704g/canvas/f61,https://gallica.bnf.fr/ark:/12148/btv1b53243704g/f61.thumbnail,https://gallica.bnf.fr/iiif/ark:/12148/btv1b53243704g/f61/full/full/0/native.jpg
60,https://dataverse.harvard.edu/api/access/datafile/7002562,https://dataverse.harvard.edu/api/access/datafile/7002745,https://dataverse.harvard.edu/api/access/datafile/7002876,https://gallica.bnf.fr/iiif/ark:/12148/btv1b53243704g/canvas/f62,https://gallica.bnf.fr/ark:/12148/btv1b53243704g/f62.thumbnail,https://gallica.bnf.fr/iiif/ark:/12148/btv1b53243704g/f62/full/full/0/native.jpg
61,https://dataverse.harvard.edu/api/access/datafile/7002756,https://dataverse.harvard.edu/api/access/datafile/7002783,https://dataverse.harvard.edu/api/access/datafile/7002768,https://gallica.bnf.fr/iiif/ark:/12148/btv1b53243704g/canvas/f63,https://gallica.bnf.fr/ark:/12148/btv1b53243704g/f63.thumbnail,https://gallica.bnf.fr/iiif/ark:/12148/btv1b53243704g/f63/full/full/0/native.jpg
62,https://dataverse.harvard.edu/api/access/datafile/7002618,https://dataverse.harvard.edu/api/access/datafile/7002848,https://dataverse.harvard.edu/api/access/datafile/7002540,https://gallica.bnf.fr/iiif/ark:/12148/btv1b53243704g/canvas/f64,https://gallica.bnf.fr/ark:/12148/btv1b53243704g/f64.thumbnail,https://gallica.bnf.fr/iiif/ark:/12148/btv1b53243704g/f64/full/full/0/native.jpg
63,https://dataverse.harvard.edu/api/access/datafile/7002476,https://dataverse.harvard.edu/api/access/datafile/7002691,https://dataverse.harvard.edu/api/access/datafile/7002754,https://gallica.bnf.fr/iiif/ark:/12148/btv1b53243704g/canvas/f65,https://gallica.bnf.fr/ark:/12148/btv1b53243704g/f65.thumbnail,https://gallica.bnf.fr/iiif/ark:/12148/btv1b53243704g/f65/full/full/0/native.jpg
64,https://dataverse.harvard.edu/api/access/datafile/7002690,https://dataverse.harvard.edu/api/access/datafile/7002860,https://dataverse.harvard.edu/api/access/datafile/7002606,https://gallica.bnf.fr/iiif/ark:/12148/btv1b53243704g/canvas/f66,https://gallica.bnf.fr/ark:/12148/btv1b53243704g/f66.thumbnail,https://gallica.bnf.fr/iiif/ark:/12148/btv1b53243704g/f66/full/full/0/native.jpg
65,https://dataverse.harvard.edu/api/access/datafile/7002596,https://dataverse.harvard.edu/api/access/datafile/7002535,https://dataverse.harvard.edu/api/access/datafile/7002587,https://gallica.bnf.fr/iiif/ark:/12148/btv1b53243704g/canvas/f67,https://gallica.bnf.fr/ark:/12148/btv1b53243704g/f67.thumbnail,https://gallica.bnf.fr/iiif/ark:/12148/btv1b53243704g/f67/full/full/0/native.jpg
66,https://dataverse.harvard.edu/api/access/datafile/7002667,https://dataverse.harvard.edu/api/access/datafile/7002833,https://dataverse.harvard.edu/api/access/datafile/7002882,https://gallica.bnf.fr/iiif/ark:/12148/btv1b53243704g/canvas/f68,https://gallica.bnf.fr/ark:/12148/btv1b53243704g/f68.thumbnail,https://gallica.bnf.fr/iiif/ark:/12148/btv1b53243704g/f68/full/full/0/native.jpg
67,https://dataverse.harvard.edu/api/access/datafile/7002749,https://dataverse.harvard.edu/api/access/datafile/7002524,https://dataverse.harvard.edu/api/access/datafile/7002459,https://gallica.bnf.fr/iiif/ark:/12148/btv1b53243704g/canvas/f69,https://gallica.bnf.fr/ark:/12148/btv1b53243704g/f69.thumbnail,https://gallica.bnf.fr/iiif/ark:/12148/btv1b53243704g/f69/full/full/0/native.jpg
68,https://dataverse.harvard.edu/api/access/datafile/7002799,https://dataverse.harvard.edu/api/access/datafile/7002479,https://dataverse.harvard.edu/api/access/datafile/7002866,https://gallica.bnf.fr/iiif/ark:/12148/btv1b53243704g/canvas/f70,https://gallica.bnf.fr/ark:/12148/btv1b53243704g/f70.thumbnail,https://gallica.bnf.fr/iiif/ark:/12148/btv1b53243704g/f70/full/full/0/native.jpg
69,https://dataverse.harvard.edu/api/access/datafile/7002711,https://dataverse.harvard.edu/api/access/datafile/7002760,https://dataverse.harvard.edu/api/access/datafile/7002660,https://gallica.bnf.fr/iiif/ark:/12148/btv1b53243704g/canvas/f71,https://gallica.bnf.fr/ark:/12148/btv1b53243704g/f71.thumbnail,https://gallica.bnf.fr/iiif/ark:/12148/btv1b53243704g/f71/full/full/0/native.jpg
70,https://dataverse.harvard.edu/api/access/datafile/7002519,https://dataverse.harvard.edu/api/access/datafile/7002772,https://dataverse.harvard.edu/api/access/datafile/7002473,https://gallica.bnf.fr/iiif/ark:/12148/btv1b53243704g/canvas/f72,https://gallica.bnf.fr/ark:/12148/btv1b53243704g/f72.thumbnail,https://gallica.bnf.fr/iiif/ark:/12148/btv1b53243704g/f72/full/full/0/native.jpg
71,https://dataverse.harvard.edu/api/access/datafile/7002769,https://dataverse.harvard.edu/api/access/datafile/7002838,https://dataverse.harvard.edu/api/access/datafile/7002725,https://gallica.bnf.fr/iiif/ark:/12148/btv1b53243704g/canvas/f73,https://gallica.bnf.fr/ark:/12148/btv1b53243704g/f73.thumbnail,https://gallica.bnf.fr/iiif/ark:/12148/btv1b53243704g/f73/full/full/0/native.jpg
72,https://dataverse.harvard.edu/api/access/datafile/7002854,https://dataverse.harvard.edu/api/access/datafile/7002700,https://dataverse.harvard.edu/api/access/datafile/7002870,https://gallica.bnf.fr/iiif/ark:/12148/btv1b53243704g/canvas/f74,https://gallica.bnf.fr/ark:/12148/btv1b53243704g/f74.thumbnail,https://gallica.bnf.fr/iiif/ark:/12148/btv1b53243704g/f74/full/full/0/native.jpg
